{"mean": [-0.040694365395560615, 5.11482640865111, 5.074132043255549, 0.22952475773110162, 0.9047390433263158, 0.0, 0.6340068263989249, 0.13659647125782584, 0.3501707450950526, 0.8515495494035628, 1.814314171883893, 182.54995817980713, 1.0319721040951473, 0.2835799658508822, 0.07157085941946499, 1.7435970404097894, 179.75532235920124, 0.0021343198634035288, 0.0002845759817871372, 2.0562037564029594, 2.217985202048947, 146.79281500448337, 3.9499146272054637, 3.236909504837792, 3.0212009106431417, 2.9503414911781447, 3.0562037564029594, 3.217985202048947, 10.838645418326694], "scale": [1.6596572996354784, 1.3915109266940666, 1.3808376985661783, 0.5660529932563448, 0.2235596557573711, 1.0, 1.059787312669751, 0.34342084284116714, 0.6938761481739285, 0.2732948296528328, 1.5988879883900207, 98.10640915081291, 1.2328277246349997, 0.450735364508832, 0.25777601032957015, 1.628133853358915, 95.66103737004065, 0.04614937206641267, 0.01686697952502872, 1.595953883591772, 1.6678539692116785, 112.5335463873415, 2.365637191352911, 2.3165333866535383, 2.5661382667181014, 2.58177771114141, 1.595953883591772, 1.6678539692116785, 8.823274570526245], "coef": [0.44519008831705015, -0.2578793695760132, 0.27520999876112967, -0.8659789619558868, -0.9644025129081951, 0.0, 0.13196713865648052, 0.21866403313722793, 0.6736252394699747, 0.7335380138051024, -0.08415906249380496, -0.28802772669176774, -0.030050836112887808, -0.41957169752000734, -0.15162022973334463, 0.19526888764011244, 0.2425730388353018, -0.040137243833283584, 0.1051425577914219, 0.032772759330596035, -0.00841371679820413, -0.0020180078778793196, 0.0875779006155938, -0.1216295182595488, -0.09599935750225248, 0.06315955805311634, 0.032772759330596035, -0.00841371679820413, -0.0011947650082642486], "intercept": 0.005889894238668287, "names": ["prize_diff", "my_prize", "opp_prize", "opp_active_dmg", "opp_active_hp_frac", "opp_active_ko", "my_threat", "my_threat_lethal", "my_active_dmg", "my_active_hp_frac", "my_active_energy", "my_active_pokevalue", "incoming_threat", "incoming_lethal", "weakness_exposed", "opp_active_energy", "opp_active_pokevalue", "my_status", "opp_status", "my_bench", "opp_bench", "my_bench_best", "my_hand", "opp_hand", "my_total_energy", "opp_total_energy", "my_poke_count", "opp_poke_count", "turn"]}